LICENSEE NUMBER;NAME OF LICENSEE;ALTERNATE NAME OF LICENSEE;STREET ADDRESS;CITY;ZIP CODE;TELEPHONE NUMBER;LICENSE TYPE;TOTAL AFFILIATED;COMMUNITY BOARD;COUNCIL DISTRICT;NYPD PRECINCT;SHL ENDORSEMENT;LICENSE EXPIRATION DATE
B00013;LOVE CORPORATE CAR INC;;1751 BATH AVENUE;BROOKLYN;11214;(718) 633-3333;BAS;63;00;00;000;N;06/30/2026
B00014;NY ONE CORP CAR INC;;1751 BATH AVENUE;BROOKLYN;11214;(718) 438-7474;BAS;93;12;39;066;N;05/31/2025
B00053;CHARGE AND RIDE INC;;41-24   38 STREET;LIC;11101;(718) 392-1824;BAS;130;02;26;108;N;05/31/2026
B00111;SKYLINE CREDIT RIDE INC;;37-02   48 AVENUE;LIC;11101;(718) 482-8585;BAS;165;02;26;108;;05/31/2026
B00235;ARISTACAR & LIMOUSINE, LTD.;;241   37 STREET STE#1-4-B443;BROOKLYN;11232;(718) 643-3900;BAS;28;06;39;076;;05/31/2026
B00254;XYZ TWO WAY RADIO;;32 ADELE STREET;STATEN ISLAND;10305;(718) 768-7333;BAS;80;07;38;072;;05/31/2025
B00271;UTOG 2-WAY RADIO INC;UTOG CORPORATE CAR SERVICE;25-20   39 AVENUE;LONGISLANDCITY;11101;(718) 361-7290;BAS;71;01;26;114;;05/31/2026
B00272;BIG APPLE CAR INC;;169 BAY   17 STREET;BROOKLYN;11214;(718) 236-8765;BAS;57;11;50;062;;05/31/2025
B00277;ALL CITY CORP TRANS INC;;1751 BATH AVENUE;BROOKLYN;11214;(718) 292-5100;BAS;31;02;26;108;;05/31/2026
B00280;FLEET RADIO DISPATCH CORP.;MINUTEMEN;55 NORTH CENTRAL AVENUE;VALLEY STREAM;11580;(718) 651-7300;BAS;46;02;25;108;;05/31/2025
B00306;LOVE LIMOUSINE NYC LTD;;1751 BATH AVENUE;BROOKLYN;11214;(718) 633-1554;BAS;134;12;39;066;;05/31/2025
B00381;BELL RADIO INC;;1751 BATH AVENUE;BROOKLYN;11214;(718) 944-4955;BAS;44;02;03;006;;05/31/2026
B00411;FONE-A-CAR INC;;1751 BATH AVENUE;BROOKLYN;11214;(718) 637-6320;BAS;37;00;00;000;;05/31/2026
B00412;NYC 2 WAY INTERNATIONAL LTD;;241   37 STREET STE#1-4-B443;BROOKLYN;11231;(718) 643-3900;BAS;66;06;39;076;;05/31/2025
B00446;COMMUNICAR INCORPORATED;;73-10   88 STREET;GLENDALE;11385;(718) 418-1100;BAS;41;05;30;104;;03/31/2026
B00448;DIAL CAR INC.;;2104 AVENUE X;BROOKLYN;11235;(718) 743-8042;BAS;91;15;48;061;;05/31/2025
B00477;INTA-BORO ACRES INC;;88-19  101 AVENUE;OZONE PARK;11416;(718) 845-1705;BAS;111;09;32;102;;05/31/2026
B00608;SUMMIT CORPORATE CAR INC.;;1751 BATH AVENUE;BROOKLYN;11214;(718) 633-1554;BAS;57;12;39;066;;05/31/2025
B00628;CONCORD LIMOUSINE 1, LLC;;712    3 AVENUE;BROOKLYN;11232;(718) 965-6150;BAS;123;07;38;072;N;12/31/2025
B00789;VITAL TRANSPORTATION INC.;;41-24   38 STREET;LIC;11101;(718) 472-2500;BAS;140;02;26;108;;06/30/2026
B00888;ACE C/L SVCE INC;;1751 BATH AVENUE;BROOKLYN;11214;(718) 633-4500;BAS;27;12;39;066;;02/28/2025
B01087;ELITE LIMO PLUS INC;;32-72 GALE AVENUE;LIC;11101;(718) 472-2300;BAS;265;02;26;108;;05/31/2026
B01367;ROYAL DISPATCH SERVICES, INC.;EXECUTIVE CARS;32-72 GALE AVENUE;LIC;11101;(718) 706-2200;BAS;32;12;39;066;;04/30/2025
B01779;APEX CAR & LIMO SVCE INC;;579 SMITH STREET;BROOKLYN;11231;(718) 522-1313;BAS;8;06;38;076;;05/31/2026
B01803;V.I.P. CONNECTION, INC.;CARLINK;1751 BATH AVENUE;BROOKLYN;11214;(718) 392-6100;BAS;37;02;26;108;;09/30/2027
B01899;ALLSTATE PRIVATE CAR & LIMO,INC;;241   37 STREET STE#1-4-B443;BROOKLYN;11232;(212) 741-1562;BAS;381;06;39;076;;08/31/2025
B01928;DISCOVER LIMO INC;INFINITY LIMO;740 MYRTLE AVENUE;BROOKLYN;11205;(718) 851-7777;BAS;13;12;43;066;;03/31/2026
B01949;FIRST CLASS OF NEW YORK INC.;NEW YORK FIRST CLASS;241   37 STREET STE#1-4-B443;BROOKLYN;11232;(718) 643-6053;BAS;127;06;39;076;;12/31/2027
B01985;LUXURY WORLDWIDE TRANSPORTATION, LLC;;209   25 STREET;BROOKLYN;11232;(718) 832-2600;BAS;31;07;38;072;;10/31/2025
B02003;AVALON CORPORATE CAR,INC.;;1751 BATH AVENUE;BROOKLYN;11214;(718) 438-3666;BAS;117;00;00;000;;01/31/2026
B02005;CAR LINE TRANSPORTATION CORP.;;43-39   21 STREET SUITE 203;LIC;11101;(718) 729-2222;BAS;14;02;26;108;;02/28/2026
B02067;GROUP AMERICAR TRANSPORTATION,LLC.;;718    3 AVENUE;BROOKLYN;11232;(212) 629-8833;BAS;61;00;00;000;;03/31/2025
B02096;CET GROUP, INC;;47 LUDLOW STREET;NEW YORK;10002;(212) 965-0889;BAS;63;03;01;007;;09/30/2025
B02101;EXEC TRANSPORT INC;EAST COAST WORLDWIDE LIMOUSINE;38-17 CRESCENT STREET;LIC;11101;(917) 606-1978;BAS;19;01;26;114;;11/30/2025
B02110;OPTIMUM CAR & LIMO, INC.;;241   37 STREET STE# 1-4-B443;BROOKLYN;11232;(718) 690-9128;BAS;8;00;00;000;;07/31/2027
B02133;TWR CAR & LIMO, INC.;;241   37 STREET STE#1-4-B460;BROOKLYN;11232;(718) 643-2200;BAS;106;06;39;076;;11/30/2027
B02148;MAVRIK TRANS INC.;;247-34 JERICHO TURNPIKE;BELLEROSE;11001;(516) 488-4600;BAS;14;00;00;000;;07/31/2025
B02160;12TH STREET LUXURY CARS, INC.;;35-58   12 STREET;LIC;11106;(347) 924-0045;BAS;39;01;26;114;;10/31/2025
B02167;MADISON LIMOUSINE INC;;18-31 COLLEGE POINT BOULEVARD;COLLEGE POINT;11356;(718) 767-9210;BAS;2;07;19;109;;11/30/2025
B02207;EASTERN LUXURY, INC.;;222   15 STREET;BROOKLYN;11215;(718) 499-3355;BAS;36;07;39;072;;08/31/2027
B02240;NEW APPLE TRANS. INC.;PALPAL LIMO;33-70 PRINCE STREET #601;FLUSHING;11354;(212) 888-9999;BAS;11;02;00;000;;02/28/2028
B02248;HYBRID LIMO EXPRESS INC.;;241   37 STREET STE#1-4-B460;BROOKLYN;11232;(718) 643-4600;BAS;9;06;39;076;;05/31/2025
B02254;FINESSE GROUP LIMOUSINE,INC.;;424 BRIGHTON BEACH AVENUE;BROOKLYN;11235;(718) 222-9999;BAS;15;13;48;060;;06/30/2025
B02256;EUROPE LIMOUSINE SERVICE, INC.;BLINK LIMOUSINE COMPANY;24 FARVIEW TERRACE;PARAMUS;07652;(201) 477-3200;BAS;30;00;00;000;;05/31/2025
B02292;NEW YORK APPLE V.I.P. CORP;;372 WILSON AVENUE;BROOKLYN;11221;(718) 230-4789;BAS;31;00;00;000;;03/31/2026
B02330;OCHO LUXURY CAR, INC.;ACAPOLCO EXPRESS;507   40 STREET;BROOKLYN;11232;(718) 438-2092;BAS;9;07;38;072;;07/31/2026
B02331;CHICO EXPRESS LIMO, INC.;;6318   14 AVENUE;BROOKLYN;11219;(718) 236-7777;BAS;40;10;38;068;;07/31/2026
B02334;GROUND TRAVEL SERVICES II, LTD.;GTS;11-11 44TH DR. FLOOR 2 SUITE H;LONGISLAND CITY;11101;(718) 366-6856;BAS;9;05;30;104;;08/31/2026
B02342;QUEST INTERNATIONAL LIMOUSINE, INC.;;4577  161 STREET FL 1;FLUSHING;11358;(212) 265-0307;BAS;10;04;03;014;;11/30/2027
B02352;SUPER FAST LIMOUSINE SERVICE, INC.;MEGA SUNSET CAR SERVICE;4409    5 AVENUE;BROOKLYN;11220;(718) 438-6262;BAS;20;07;38;072;;11/30/2027
B02360;PRISTINE TRANSPORTATION GROUP LLC.;;35-28   19 AVENUE;ASTORIA;11105;(212) 599-4444;BAS;26;01;22;114;;03/31/2025
B02373;QUIET SERVICES INC;GOLDEN CLASS LIMO;31-35   61 STREET;WOODSIDE;11377;(718) 360-9383;BAS;22;01;22;114;;03/31/2025
B02401;NORTHSIDE BK LLC;;207 BEDFORD AVENUE;BROOKLYN;11211;(718) 963-4444;BAS;36;01;33;094;;08/31/2025
B02408;PETER EXECUTIVE LIMOUSINE, CORP;;34-39   31 STREET;ASTORIA;11106;(718) 784-7900;BAS;28;01;26;114;;08/31/2025
B02418;PLUSH SERVICES CORP;;33 - 20   55 STREET SUITE #227;WOODSIDE;11377;(516) 418-3303;BAS;10;00;00;000;;11/30/2025
B02429;SEAGULL RIDE CORP;;2692 CONEY ISLAND AVENUE;BROOKLYN;11235;(718) 703-3333;BAS;28;15;48;061;;12/31/2025
B02453;MCW CAR & LIMO INC.;;355 UNION AVENUE;BROOKLYN;11211;(718) 387-0700;BAS;216;01;34;090;;06/30/2026
B02472;NEW BUSHWICK LUXURY INC.;;180 KNICKERBOCKER AVENUE;BROOKLYN;11237;(718) 821-7777;BAS;18;04;34;083;;06/30/2026
B02475;ECKFORD LITE CAR & LIMO INC.;;49-17A   69 STREET;WOODSIDE;11377;(347) 612-9290;BAS;13;02;30;108;;07/31/2026
B02492;EZCAR.COM, LLC;EASY CAR;712 THIRD AVENUE;BROOKLYN;11232;(718) 965-6150;BAS;260;07;38;072;;10/31/2026
B02507;SARAH VENTURES INC.;;2823 FREDERICK DOUGLASS BOULEVARD;NEW YORK;10039;(347) 303-0625;BAS;1;01;17;040;;01/04/2027
B02517;LOS PAISANOS LUXURY C/S INC.;;8 ST PAULS AVENUE;STATEN ISLAND;10301;(718) 445-2222;BAS;8;01;49;120;;02/28/2027
B02518;MATTHEW'S LIMO INC;;1225 FRANKLIN AVE STE 325;GARDEN CITY;11530;(718) 424-1250;BAS;31;00;;;;03/31/2027
B02532;COZY RIDE LIMOUSINE INC;COZY TRANSIT;36-22A UNION STREET SUITE #3R;FLUSHING;11354;(718) 359-5000;BAS;11;07;20;109;;05/31/2027
B02535;LFS LIMO CORP.;;1225 FRANKLIN AVE SUITE 325;GARDEN CITY;11530;(646) 545-9444;BAS;4;00;00;000;;06/30/2027
B02550;AGAPE LUXURY CORP.;;361 EAST GUN HILL ROAD;BRONX;10467;(718) 585-2222;BAS;196;02;08;041;;10/31/2026
B02551;CHIEF LIMO INC.;;3708  100 STREET;QUEENS;11368;(718) 505-1919;BAS;18;03;22;115;;08/31/2027
B02563;FENIX XL CAR AND LIMO SERVICE CORP.;;586 SENECA AVENUE;RIDGEWOOD;11385;(718) 821-2121;BAS;55;00;00;000;Y;06/30/2026
B02588;ND LINE INC.;;84 CLINTON STREET;NEW YORK;10002;(212) 420-0101;BAS;21;03;01;007;;01/31/2025
B02608;PARADA LUXURY INC.;;125   42 STREET;BROOKLYN;11232;(917) 656-4676;BAS;20;00;00;000;;03/31/2025
B02637;ROOSEVELT CAR & LIMO INC.;ROOSEVELT DEBORAH CAR AND LIMO;3708  100 STREET;CORONA;11368;(718) 786-8888;BAS;9;00;00;000;;06/30/2025
B02655;LONG ISLAND CITY CAR AND LIMO INC.;A2B CORPORATE SEDAN;6902   18 AVENUE;BROOKLYN;11204;(718) 937-1177;BAS;13;00;00;000;;07/31/2025
B02664;CORPORATE CAR LTD.;;7310   88 STREET;GLENDALE;11385;(718) 418-1100;BAS;10;00;00;000;;08/31/2025
B02711;TRANS CITY TRANSPORTATION INC;DIAL 7 ON DEMAND;43 - 23   35 STREET;LIC;11101;(212) 505-0900;BAS;20;00;00;000;;04/30/2026
B02725;KIRIN TRANSPORTATION INC;;33-70 PRINCE STREET #703;FLUSHING;11354;(718) 799-0707;BAS;11;00;00;000;;03/31/2026
B02739;TRAXLINE CAR SERVICE INC.;;7 MARCUS GARVEY BOULEVARD STE 212;BROOKLYN;11206;(718) 789-4901;BAS;2;00;00;000;;04/30/2026
B02747;LEGEND LUXURY LIMO INC.;;209   25 STREET 2ND FLR;BROOKLYN;11232;(718) 788-1234;BAS;54;00;00;000;;05/31/2026
B02749;FACE LIMO INC;;111-15A ROOSEVELT AVENUE 1FL;CORONA;11368;(718) 433-7697;BAS;191;00;00;000;;07/31/2026
B02762;SHOWTIME TRANSPORTATION CORP.;;161 BRIGHTON   11 STREET;BROOKLYN;11235;(718) 260-6666;BAS;10;00;00;000;;07/31/2026
B02769;MAVROS TRANSPORTATION INC;;2143 CORTELYOU ROAD;BROOKLYN;11226;(646) 266-8282;BAS;4;00;00;000;;09/30/2026
B02770;CAVALIER CAR & LIMOUSINE, INC.;;185-08 UNION TURNPIKE;FRESH MEADOWS;11366;(718) 454-2900;BAS;15;;;;;09/30/2026
B02772;TAP & RIDE,INC.;;86-11 LEFFERTS BOULEVARD SUITE 2A;RICHMOND HILL;11418;(718) 480-6660;BAS;41;02;26;108;Y;10/31/2026
B02774;ALFRED HOLDINGS INC.;ALFRED EXECUTIVE TRANSPORTATION;31-00   47 AVENUE 3RD SUITE 3100;LIC;11101;(718) 509-1111;BAS;81;00;00;000;;08/31/2026
B02784;SMILE TRANSPORTATION GROUP INC;;945 EAST  108 STREET SUITE B101;BROOKLYN;11236;(718) 942-5566;BAS;48;00;00;000;;10/31/2026
B02787;SEMPERIDE LLC;;85 BROAD STREET 27TH FLOOR;NEW YORK;10004;(718) 350-9591;BAS;6;00;00;000;;09/30/2026
B02794;ASAP LUXE INC;;1304 UTICA AVENUE;BROOKLYN;11203;(718) 363-0046;BAS;73;;;;;11/30/2026
B02795;LIMO SEVEN TRANSPORTATION INC;;653 EAST    5 STREET 1ST FLOOR;BROOKLYN;11218;(646) 462-5191;BAS;13;12;39;066;;12/31/2026
B02797;CJ LIMOUSINE LLC;;1605 JOHN STREET SUITE 201;FORT LEE;07024;(201) 242-5466;BAS;17;00;00;000;;12/31/2026
B02806;WIZ LIMO TRANSIT INC.;;147-13 UNION TURNPIKE;FLUSHING;11367;(718) 969-5555;BAS;10;08;24;107;N;03/31/2027
B02811;M.L TRIPS CORP.;;141 MAUJER STREET;BROOKLYN;11206;(718) 388-4242;BAS;12;01;34;090;;01/31/2027
B02814;BELL LX INC;;405   51 STREET;BROOKLYN;11220;(718) 593-1683;BAS;54;07;38;072;;01/31/2027
B02817;ANYTIME FORSYTH TRANSPORT CORP;;210 CANAL STREET SUITE #406;NEW YORK;10013;(212) 431-5919;BAS;15;03;01;005;;02/28/2027
B02819;FIVE STAR LUXURY INC.;;787 CONEY ISLAND AVENUE;BROOKLYN;11218;(718) 940-0044;BAS;20;00;00;000;;04/30/2027
B02822;MILKY WAY LIMO CORP;;75-19 PARSONS BOULEVARD;FRESH MEADOWS;11366;(718) 674-6277;BAS;125;00;00;000;Y;05/31/2027
B02825;GUADALUPANA II CAR & LIMO INC;;6506   20 AVENUE;BROOKLYN;11204;(718) 621-0404;BAS;38;;;;;04/30/2027
B02826;NEW BELL LUXURY CORP;;640 MYRTLE AVENUE;BROOKLYN;11205;(718) 230-4490;BAS;65;00;00;000;;03/31/2027
B02833;ADVANCED LUXURY LIMO SVC. INC.;;3945 PROVOST AVENUE;BRONX;10466;(718) 231-2188;BAS;9;00;00;000;;05/31/2027
B02838;THA MAYA CAR SERVICE INC;;6121   17 AVENUE;BROOKLYN;11204;(917) 564-5451;BAS;32;11;44;062;;04/30/2027
B02840;RAELEEN CAR CORP.;;565 VAN NEST AVENUE;BRONX;10460;(718) 975-3200;BAS;13;00;00;000;;06/30/2027
B02846;DLS TRANSPORTATION CORP.;;914 SOUNDVIEW AVENUE SUITE 1, 2ND FL;BRONX;10473;(718) 285-0357;BAS;23;09;18;043;;05/31/2027
B02849;BROOKLYN RIDES CORP;;86 - 40   96 STREET;WOODHAVEN;11421;(718) 218-6900;BAS;165;00;00;000;;05/31/2027
B02852;OP CAR SERVICE INC.;;90-19 LIBERTY AVENUE;OZONE PARK;11417;(718) 659-8888;BAS;40;00;00;000;;07/31/2027
B02853;SAFE RIDES CAR & LIMO SERVICES INC;;5488 AMBOY ROAD SUITE 3;STATEN ISLAND;10312;(347) 983-2800;BAS;21;00;00;000;;07/31/2027
B02855;JUNIORS LUXURY INC;MEGA JUNIORS;1509 CORTELYOU ROAD;BROOKLYN;11226;(718) 940-1212;BAS;38;10;43;068;;08/31/2027
B02856;MARIACHI CAR SERVICE INC;;1254 CASTLETON AVENUE;STATEN ISLAND;10310;(347) 466-4749;BAS;11;01;49;120;;07/31/2027
B02860;EVERY WHERE LIMO SERVICE INC.;;110-00 ROCKAWAY BOULEVARD;JAMAICA;11420;(718) 658-6008;BAS;107;00;00;000;;09/30/2027
B02863;NYC MIDDTOWN LIMO CORP;NYC MIDTOWN LIMO;100-01   97 AVENUE;OZONE PARK;11416;(718) 848-1221;BAS;49;00;00;000;;09/03/2027
B02868;CHA CHA TRANSPORTATION CORP;;35 - 30  154 STREET 2ND FLOOR;FLUSHING;11354;(718) 683-0246;BAS;19;00;00;000;;10/31/2027
B02881;DIANE CAR AND LIMO SERVICE LLC;;71-19   80 STREET SUITE# 8310;GLENDALE;11385;(718) 544-4444;BAS;33;05;30;104;;08/31/2027
B02886;PRINCE LUXURY CORP.;;5915    4 AVENUE;BROOKLYN;11220;(718) 439-6000;BAS;8;07;38;072;;09/30/2027
B02892;SEAMAN EXPRESS CORP.;;4020   10 AVENUE;NEW YORK;10034;(646) 964-4686;BAS;31;;;;;12/31/2024
B02898;SANO CAR LLC;;5030 BROADWAY SUITE 676;NEW YORK;10034;(212) 567-5009;BAS;13;00;00;000;N;01/31/2026
B02899;NEW BLACK LUXURY CARS CORP;;390 BROADWAY;BROOKLYN;11211;(718) 388-7777;BAS;50;;;;;11/30/2027
B02901;GALLANT LUXURY SERVICE CORP.;;5030 BROADWAY SUITE 804;NEW YORK;10034;(212) 304-0707;BAS;9;00;00;000;;11/30/2027
B02902;NY CAR & LIMO SERVICES INC.;;71-16   35 AVENUE;JACKSON HEIGHTS;11372;(718) 255-1798;BAS;815;00;00;000;Y;11/30/2027
B02905;PUEBLA LUXURY CORP;;3916    9 AVENUE;BROOKLYN;11232;(718) 633-5454;BAS;56;00;00;000;;01/31/2025
B02909;PUERTO RICO EXPRESS BLACK LUXURY INC;;1072 BROADWAY AVE;BKLYN;11221;(718) 443-9600;BAS;6;00;00;000;;01/31/2025
B02912;FIRST CLASS LUXURY INC;;4980 BROADWAY;NEW YORK;10034;(212) 304-0452;BAS;14;;;;;02/28/2025
B02913;DAT TRANSPORTATION INC.;;650 SOUNDVIEW AVENUE;BRONX;10473;(718) 328-8889;BAS;23;;;;;02/28/2028
B02917;C & A BLACK CAR CORP.;;3106 WEBSTER AVENUE;BRONX;10467;(718) 405-2222;BAS;42;;;;;03/31/2025
B02918;LEOPARD INC;;670 FLUSHING AVENUE #221;BROOKLYN;11206;(718) 388-4488;BAS;16;00;00;000;;01/31/2025
B02921;GRAVITAS PRIMO,LLC;;348 WEST   14 STREET 6TH FLOOR;NEW YORK;10014;(917) 605-7800;BAS;7;00;00;000;;04/30/2025
B02924;CELEBRITY LUXURY INC.;;1748 EAST TREMONT AVENUE;BRONX;10460;(718) 618-0093;BAS;32;00;00;000;;04/30/2025
B02929;OTTOMAN TRANSPORTATION INC.;;61-43  186 STREET C112 2;FRESH MEADOWS;11365;(718) 569-2525;BAS;13;00;00;000;;04/30/2025
B02930;V.I.T. BLACK CAR TRANSPORTATION CORP.;;1478 WHITE PLAINS ROAD;BRONX;10462;(718) 904-8080;BAS;40;00;00;000;;05/31/2025
B02932;GRAND TRANSPORTATION SERVICES INC;RYDE NYC;36-13   32 STREET;LIC;11106;(718) 433-4255;BAS;1237;00;00;000;Y;05/31/2025
B02950;WMC SERVICE INC;;2130 CATON AVENUE;BROOKLYN;11226;(516) 943-5140;BAS;9;;;;;07/31/2025
B02956;W.K.EXPRESS LIMO SERVICE INC;;1206   60 STREET;BROOKLYN;11219;(718) 274-7888;BAS;11;00;00;000;;06/30/2025
B02962;HEALTH BLACK CAR SERVICES, CORP;ADON;454B RIVERDALE AVENUE GROUND FLOOR;YONKERS;10705;(718) 676-1132;BAS;24;00;00;000;;08/31/2025
B02967;ABIEL TRANSPORTATION CORP;;261 EAST KINGSBRIDGE ROAD N-46;BRONX;10458;(718) 733-6000;BAS;13;07;15;052;;07/31/2025
B02968;NEW GENERATION BLACK CAR TRANSPORTATION CORP.;;2112 WESTCHESTER AVENUE;BRONX;10462;(347) 991-6111;BAS;36;00;00;000;;01/31/2026
B02969;LYFE AUTO GROUP INC;;32-10 GREENPOINT AVENUE;LIC;11101;(718) 706-6234;BAS;38;00;00;000;;08/31/2025
B02970;FLYTE LINE TRANSPORTATION LLC;RMA WORLDWIDE CHAUFFEUR SERVICE;365 RIFLE CAMP ROAD SUITE 202;WOODLAND;07424;(888) 888-5466;BAS;56;00;00;000;;08/31/2025
B02971;ULTRA BLACK CAR TRANSPORTATION, CORP.;;277 EAST  165 STREET;BRONX;10456;(718) 992-9162;BAS;57;;;;;06/30/2025
B02972;BLESSING TRANSPORTATION GROUP INC;;1890 RANDALL AVENUE;BRONX;10473;(917) 473-7373;BAS;12;00;00;000;;08/31/2025
B02975;LI YANG LIMOUSINE INC;;6902   15 AVENUE;BROOKLYN;11228;(929) 337-9394;BAS;26;;;;;07/31/2025
B02978;ONYX 1 INC;;1225 FRANKLIN AVE 325;GARDEN CITY;11530;(516) 884-4782;BAS;41;00;00;000;;12/31/2025
B02987;7 WAYS TRANSPORTATION CORP.;;2387 WESTCHESTER AVENUE;BRONX;10461;(718) 255-5644;BAS;68;00;00;000;;05/31/2026
B02989;GOOD FRIENDS CAR SERVICE INC;;158-14 NORTHERN BOULEVARD UNIT#UL-3;FLUSHING;11358;(718) 321-8282;BAS;3;00;00;000;;11/30/2025
B02990;GO MY SEDAN LLC;;700 ROCKWAY TURNPIKE SUITE # 202;LAWRENCE;11559;(212) 434-0400;BAS;23;;;;;11/30/2025
B02997;KALUMA TRANSPORTATION GROUP INC.;;3107 KINGSBRIDGE AVENUE;BRONX;10463;(718) 548-2222;BAS;150;08;11;050;;04/30/2026
B03015;TRI-COUNTY BLACK CARS INC;;86-29  102 STREET;RICHMOND HILL;11418;(718) 846-0747;BAS;18;09;32;102;;07/31/2026
B03016;BEST DEAL BLACK INC.;;757 A BURKE AVENUE;BRONX;10467;(718) 515-5555;BAS;59;00;00;000;;03/31/2026
B03017;SDR TRANSPORTATION CORP.;;3800 EAST TREMONT AVENUE #2;BRONX;10465;(718) 863-0002;BAS;68;00;00;000;;03/31/2026
B03018;AUREUS LLC;;240 KENT AVENUE;BROOKLYN;11249;(917) 887-2105;BAS;8;00;00;000;;03/31/2026
B03021;ALBAJOSH TRANSPORT CORP;;3440 ATLANTIC AVENUE;BROOKLYN;11208;(718) 927-0001;BAS;123;00;00;000;;03/31/2026
B03022;BLACK CAR EXPRESS.COM CORP;;8 MAPLE ST STE 4;PORT WASHINGTON;11050;(516) 472-0811;BAS;8;;;;;05/31/2026
B03028;CASTILLO CAR & LIMO INC;;440    4 AVENUE;BROOKLYN;11215;(718) 499-4545;BAS;16;00;00;000;;04/30/2026
B03032;A & S LIMOUSINE SERVICE CORP;;712 BROADWAY 2ND FLOOR;BROOKLYN;11206;(718) 455-1900;BAS;32;00;00;000;;05/31/2026
B03033;FLEX EXPRESS CORP.;;1266 MYRTLE AVENUE;BROOKLYN;11221;(718) 602-5000;BAS;25;00;00;000;;06/30/2026
B03036;ZYNC INC;;12-04   44 AVENUE;LIC;11101;(718) 482-1818;BAS;889;;;;Y;05/31/2026
B03038;SOUTH BRONX TRANSPORTATION,INC.;;250 BROOK AVENUE;BRONX;10454;(347) 590-7005;BAS;11;00;00;000;;09/30/2026
B03040;ZYT EXPRESS CORP.;;208   42 STREET;BROOKLYN;11232;(718) 880-6342;BAS;13;00;00;000;;05/31/2026
B03042;BAYRIDGE EXPRESS LUXYRY INC;;377 BAYRIDGE AVENUE;BROOKLYN;11220;(718) 238-3000;BAS;60;00;00;000;;06/30/2026
B03047;STS LUXURY, INC;;912 SOUNDVIEW AVENUE SUITE 6;BRONX;10473;(718) 684-4444;BAS;33;00;00;000;;06/30/2026
B03049;RIVERSIDE CLASSIC, INC.;;1642 ST NICHOLAS AVENUE;NEW YORK;10040;(212) 543-6263;BAS;93;;;;;07/31/2026
B03050;TORINKO NY, LLC;;150 GREEN STREET;VALLEY STREAM;11580;(212) 518-6584;BAS;11;00;00;000;;08/31/2026
B03051;VILLE DE LA LIBERTE CHAUFFEUR INC;;689 SENECA AVENUE;RIDGEWOOD;11385;(718) 788-8888;BAS;16;;;;;08/31/2026
B03055;EXPLORER EXPRESS INC;;6809    3 AVENUE;BROOKLYN;11220;(718) 238-0224;BAS;36;00;00;000;;06/30/2026
B03056;INSPIRATION GROUP INC;;36 ROCKLAND DR;JERICHO;11753;(929) 235-6897;BAS;24;;;;;07/31/2026
B03057;PROSPECT LUXURY CAR SERVICE;;1161 SOUTHERN BOULEVARD;BRONX;10459;(929) 400-3838;BAS;20;03;17;042;;08/31/2026
B03060;EASTLAND BLACK CARS CORP;;2982 NOSTRAND AVENUE;BROOKLYN;11229;(718) 338-8100;BAS;84;;;;;08/31/2026
B03061;BLUE EAGLE TRANSPORTATION SERVICES CORP;;325 SOUNDVIEW AVENUE FLOOR 1;BRONX;10473;(718) 483-8388;BAS;15;09;18;043;;09/30/2026
B03062;BQN VOUCHER INC;;1106 GARRISON AVENUE;BRONX;10474;(718) 328-5510;BAS;7;02;17;041;;09/30/2026
B03077;MGL TRANSPORT01 INC;;238 JUNIUS STREET;BROOKLYN;11212;(929) 989-5585;BAS;15;;;;;09/30/2026
B03081;DLS CAR AND LIMOUSINE SERVICE CORP;ALL TRANSFERS SERVICE;623 MEACHAM AVENUE;ELMONT;11003;(212) 575-1426;BAS;10;00;00;000;;11/30/2026
B03085;A & A AMAZOON TRANSPORTATION INC.;;107-04   37 AVENUE;CORONA;11368;(718) 495-4444;BAS;25;00;00;000;;10/31/2026
B03097;AERO LIMO INC;;53-12  104 STREET;CORONA;11368;(917) 535-8712;BAS;21;;;;;01/31/2027
B03100;MORELOS CAR SERVICE INC.;;1810 WEST    6 STREET;BROOKLYN;11223;(718) 837-8200;BAS;16;;;;;03/31/2027
B03102;METRO LUXURY INC;;625 EAST  137 STREET;BRONX;10454;(718) 665-5079;BAS;37;;;;;02/28/2027
B03104;GCC TRANSPORTATION LLC.;;735 EAST  239 STREET SUITE #40;BRONX;10466;(718) 885-4991;BAS;5;00;00;000;;03/31/2027
B03105;MAZNA TRANSPORTATION CORPORATION;;507   40 STREET;BROOKLYN;11232;(703) 639-8075;BAS;14;00;00;000;;01/31/2027
B03107;JD XPRESS INC.;;118 - 35 QUEENS BOULEVARD SUITE #400;FOREST HILLS;11375;(347) 508-4118;BAS;6;00;00;000;;04/30/2027
B03109;ROLUX INC;;160-23 ROCKAWAY BOULEVARD SUITE 4;JAMAICA;11434;(917) 865-2793;BAS;47;00;00;000;;04/30/2027
B03113;MIKE'S VIP TRANSPORTATION INC.;;5147   69 STREET;WOODSIDE;11377;(718) 699-4322;BAS;8;00;00;000;;03/31/2027
B03114;PRAISE RIDE INC.;;38 WAVERLY AVENUE;BROOKLYN;11205;(347) 579-3828;BAS;8;;;;;05/31/2027
B03115;TAHA INC.;;100 S.BEDFORD RD;MOUNT KISCO;10549;(347) 757-4656;BAS;7;00;00;000;;03/31/2027
B03116;NAVI TRANSPORTATION INC.;;125 MICHAEL DR SUITE 105;SYOSSET;11791;(929) 299-6284;BAS;11;00;00;000;;03/31/2027
B03119;CHINA TRANSIT LLC.;;135-25A   40 ROAD 3FL;FLUSHING;11354;(917) 553-9896;BAS;397;00;00;000;;04/30/2027
B03120;ABIX TRANSPORTATION CORP;;7 SKYLINE DRIVE;HAWTHORNE;10532;(718) 684-2224;BAS;15;00;00;000;;03/31/2027
B03123;CLAY TRANSPORTATION INC.;;788 EAST TREMONT AVENUE;BRONX;10460;(718) 942-5544;BAS;20;00;00;000;;06/30/2027
B03126;YUR DRIVERS NETWORK INC;;151 WEST PASSAIC ST 2ND FL;ROCHELLE PARK;07662;(201) 987-5702;BAS;10;;;;;05/31/2027
B03127;ULTIMATE BLACK CAR CORP.;;2296 SECOND AVENUE;NEW YORK;10035;(917) 412-5000;BAS;26;;;;;07/31/2027
B03128;RIDE SMART CORP.;;8 E PROSPECT AVENUE STE#C;MOUNT VERNON;10550;(914) 699-0785;BAS;5;00;00;000;;09/30/2027
B03138;WST LIMOUSINE LLC;;78 CHICHESTER RD;HUNTINGTON;11743;(646) 992-5578;BAS;10;00;00;000;;06/30/2027
B03139;MJ LUXURY INC.;;73 MARKET STREET SUIT 374;YONKERS;10710;(718) 278-2222;BAS;10;02;26;108;;08/31/2027
B03142;COOL WAY TECHNOLOGY, INC.;;300 CADMAN PLAZA WEST 12 FL;BROOKLYN;11201;(718) 247-7277;BAS;105;00;00;000;;06/30/2027
B03144;JUST A MOMENT CAR SERVICE INC;;3100   47 AVENUE STE 3100;LIC;11101;(646) 379-3071;BAS;5;00;00;000;;08/31/2027
B03145;YERZ CAR INC.;;1018 CASTLE HILL AVENUE OFFICE#2;BRONX;10472;(718) 504-8383;BAS;32;00;00;000;;09/30/2027
B03147;H H CAR SERVICE INC;;35-27 FARRINGTON STREET FL 2;FLUSHING;11354;(718) 762-3333;BAS;16;00;00;000;;09/30/2027
B03152;EXIT LUXURY INC.;;29 - 10   36 AVENUE;ASTORIA;11106;(718) 472-9800;BAS;586;00;00;000;Y;10/31/2027
B03153;GYPSY TRANSPORTATION CORP.;;1684 GLEASON AVENUE;BRONX;10472;(718) 617-1111;BAS;15;;;;;10/31/2027
B03156;EPIC CAR SERVICE INC.;;385 EAST  152 STREET;BRONX;10455;(718) 401-3742;BAS;13;;;;;10/31/2027
B03157;CAPRICE CAR SERVICE CORP.;;54 - 04 ROOSEVELT AVENUE;WOODSIDE;11377;(718) 424-9300;BAS;40;;;;;07/31/2027
B03158;SPOTON.PET LLC;;77 SANDS STREET;BROOKLYN;11201;(833) 477-6866;BAS;18;00;00;000;;09/03/2027
B03159;A1 ACCESSIBLE TRANSPORTATION LLC;;57 WEST   57 STREET 4TH FLOOR;NEW YORK;10019;(212) 496-0177;BAS;9;05;04;018;;10/31/2027
B03160;CURB TRANSPORTATION SERVICES,LLC;CURB MOBILITY-CURB TRANS;11-11   34 AVENUE;LIC;11106;(718) 701-1317;BAS;14;00;00;000;;09/30/2027
B03161;LA MEXICANA EXPRESS 2 INC.;;4611    5 AVENUE;BROOKLYN;11220;(718) 437-3535;BAS;58;00;00;000;;11/30/2027
B03164;KISS LUXURY TRANSPORTATION INC.;;2811 WHITE PLAINS ROAD;BRONX;10467;(718) 367-0303;BAS;78;00;00;000;;10/31/2027
B03166;TURING ENTERPRISES INC.;;2329 NOSTRAND AVENUE SUITE 100;BROOKLYN;11210;(718) 210-9995;BAS;132;00;00;000;;10/31/2027
B03168;KAYROS TRANSPORTATION INC;;726 BROADWAY;BAYONNE;07002;(917) 440-8678;BAS;5;;;;;11/30/2027
B03170;PAISA CLASSIC BLACK INC.;;38-12 ASTORIA BOULEVARD;ASTORIA;11103;(718) 476-7878;BAS;22;01;22;114;;12/31/2024
B03171;HIGHLAND TRANSPORTATION MANAGEMENT CORP.;;34-18 NORTHERN BOULEVARD;LIC;11101;(718) 271-2700;BAS;56;01;26;114;;11/30/2027
B03172;ALLIED BLACK CAR SERVICE LLC.;;2825/ 2823 3RD AVENUE 6G;BRONX;10455;(929) 594-7566;BAS;12;00;00;000;;11/30/2027
B03173;ABIAN TRANSPORTATION INC.;;1441 - 49 E L GRANT HIGHWAY;BRONX;10452;(718) 879-7070;BAS;15;00;00;000;;10/31/2027
B03174;NEW HEAVEN LUXURY INC;;1059 ST NICHOLAS AVENUE;NEW YORK;10032;(212) 923-1313;BAS;70;00;00;000;;12/31/2027
B03176;BEE BEE LUXURY SERVICE INC.;;663 BLAKE AVENUE;BROOKLYN;11207;(786) 326-2425;BAS;19;05;42;075;;10/31/2027
B03177;BERNICE SERVICES INC;;252 JAVA STREET UNIT 101;BROOKLYN;11222;(718) 574-8888;BAS;18;;;;;10/31/2027
B03181;EVEREST LUXURY CORP;;2322 ARTHUR AVENUE SUITE 212A;BRONX;10458;(315) 400-3255;BAS;10;00;00;000;;10/31/2027
B03185;G&J LUXURY TRANSPORTATION INC;;7 SKYLINE DRIVE SUITE 350;HAWTHORNE;10532;(718) 913-4454;BAS;13;00;00;000;;11/30/2027
B03191;GUILLEN TRANSPORTATION SERVICES INC;;1842 WEBSTER AVENUE SUITE 100;BRONX;10457;(718) 305-4510;BAS;11;00;00;000;;02/28/2025
B03192;PERFECTION CAR SERVICE INC;;3673 BRONXWOOD AVENUE;BRONX;10469;(929) 343-5305;BAS;7;12;12;047;;03/31/2025
B03194;SUNNY DAY TRANSPORTATION,CORP;SUN LIGHT CAR AND LIMO;1831 WOOD AVENUE;BRONX;10460;(718) 409-6281;BAS;13;;;;;02/28/2025
B03195;DOMINICAN DREAM TRANSPORTATION INC.;;387 EAST  167 STREET;BRONX;10456;(718) 304-5353;BAS;12;00;00;000;;03/31/2025
B03198;DD&SON,LLC;;7 MARCUS GARVEY BOULEVARD STE#316;BROOKLYN;11206;(917) 567-4082;BAS;20;03;36;081;;06/30/2025
B03199;RINCON TRANSPORTATION LLC;;833 DAWSON STREET;BRONX;10459;(718) 701-0178;BAS;9;;;;;05/31/2025
B03200;L & J LOGISTICS CORP.;;912 SOUNDVIEW AVENUE OFFICE #3;BRONX;10473;(718) 618-0222;BAS;19;00;00;000;;05/31/2025
B03202;JUPITER SELECT LLC;;294   20 STREET;BROOKLYN;11215;(718) 499-2222;BAS;23;00;00;000;;05/31/2025
B03204;EXTRA CAR SERVICE LLC;;1041A CASTLE HILL AVENUE;BRONX;10472;(718) 684-1379;BAS;12;12;11;047;;05/31/2025
B03206;KIDMOTO TECHNOLOGIES LLC;;2910 THOMPSON AVENUE STE 760;LIC;11101;(347) 612-2091;BAS;10;;;;;06/30/2025
B03207;QUICK AND LUXURIOUS BLACK CAR CORP;;2850 WOODS AVENUE;OCEANSIDE;11572;(718) 888-0438;BAS;6;00;00;000;;04/30/2025
B03208;MACOMBS TRANSPORTION CORP.;;695 EAST  132 STREET SUITE 1C;BRONX;10454;(718) 889-1595;BAS;41;;;;;05/31/2025
B03209;PARAMOUNT TRANSPORT INC.;;729 BURKE AVENUE SUITE #B;BRONX;10467;(718) 475-2191;BAS;15;00;00;000;;06/30/2025
B03210;DUNAMIS CARE CAR SERVICE CORP.;;388 EAST  169 STREET;BRONX;10456;(718) 992-2222;BAS;11;;;;;04/30/2025
B03211;GREENLIGHT TRANSPORTATION SERVICE LLC;;101-20 LIBERTY AVENUE;OZONE PARK;11417;(718) 480-6875;BAS;2;00;00;000;;07/31/2025
B03213;PRIMARY TRANSPORTATION CORP;;3451 EAST TREMONT AVENUE;BRONX;10465;(718) 892-2020;BAS;5;;;;;07/31/2025
B03214;MALIBU CAR SERVICE INC.;;1231 LAFAYETTE AVENUE L2;BRONX;10474;(646) 671-4360;BAS;1;;;;;06/30/2025
B03215;BALAYIRA LLC;;2738 FREDERICK DOUGLASS BOULEVARD;NEW YORK;10039;(917) 295-9550;BAS;87;;;;;06/30/2025
B03218;CHOICE TRANSPORTATION CORP.;;31-00   47 AVENUE SUIT 3100;LIC;11101;(929) 243-4333;BAS;8;00;00;000;;06/30/2025
B03225;ALCON EXPRESS INC;;1264 CASTLETON AVENUE;STATEN ISLAND;10310;(718) 524-4121;BAS;5;00;00;000;;09/30/2025
B03226;PAXXIA LUXURY CORP.;;541 KINGSTON AVENUE;BROOKLYN;11225;(929) 207-4747;BAS;47;;;;;06/30/2025
B03227;NY MERENGUE TRANSPORTATION INC;;135-10 JAMAICA AVENUE;RICHMOND HILL;11418;(929) 218-7080;BAS;21;09;29;102;;06/30/2025
B03228;LIQUID FOX TRANSPORTATION CORP.;;605 EAST  132 STREET;BRONX;10454;(917) 962-9640;BAS;83;;;;;08/31/2025
B03229;FVR TRANSPORTATION INC.;;1379 WHITE PLAINS ROAD #301;BRONX;10462;(917) 929-5146;BAS;11;;;;;06/30/2025
B03230;THE BEST WE CAN TRANSPORTATION, INC.;;509 EAST  163 STREET;BRONX;10451;(718) 880-7973;BAS;25;;;;;09/30/2025
B03234;ALPHA EXPRESS RIDE CORP.;;31 - 00   47 AVENUE SUITE 3100;LIC;11101;(800) 786-0393;BAS;13;;;;;07/31/2025
B03236;AGUILA CAR & LIMO CORPORATION;VELOTAX CAR SERVICE;51-47   69 STREET;WOODSIDE;11377;(718) 393-3333;BAS;12;;;;;09/30/2025
B03239;CIBAO 2 INC.;;112 - 44 ROOSEVELT AVENUE;CORONA;11368;(718) 478-2288;BAS;40;00;00;000;;07/31/2025
B03240;ARECIBO EXPRESS INC.;;171    5 AVENUE;BROOKYN;11217;(718) 399-2314;BAS;31;;;;;07/31/2025
B03241;KAIRON LLC;;223 SPENCER STREET, SUITE 403;BROOKLYN;11205;(800) 215-1904;BAS;11;00;00;000;;08/31/2025
B03245;UASLUXURY1 INC;;85-56  118 STREET;KEW GARDENS;11415;(646) 684-0001;BAS;11;09;29;102;;09/30/2025
B03246;FASTRIDE LIMO INC.;;2121 DAVIDSON AVENUE;BRONX;10453;(347) 271-6510;BAS;11;;;;;08/31/2025
B03248;GUEST TRAVEL SERVICE INC.;GTS TRANSPORTATION;545 EAST JERICHO TURNPIKE;HUNTINGTON STAT;11746;(718) 666-2424;BAS;11;00;00;000;;09/30/2025
B03251;RIDE FHV CORP.;;159   20 STREET SUITE#1B-3;BROOKLYN;11232;(718) 415-8444;BAS;35;;;;;10/31/2025
B03252;CITY WAV CORP.;;547   92 STREET GROUND FLOOR;BROOKLYN;11209;(646) 789-3399;BAS;8;;;;;11/30/2025
B03254;TEMPO TRANSPORTATION CORP.;;34-18 NORTHERN BOULEVARD;LIC;11101;(917) 442-1822;BAS;17;;;;;11/30/2025
B03256;JETSET TRANSPORTATION CORP.;;390 TIFFANY STREET;BRONX;10474;(347) 566-7735;BAS;11;06;29;112;;10/31/2025
B03258;CHERRY TRANSPORTATION NY INC.;;45-55  162 STREET 1ST FL.;FLUSHING;11358;(718) 333-0404;BAS;15;;;;;10/31/2025
B03259;LATINO EXECUTIVE INC;;109-20 CORONA AVENUE 1ST FLR;CORONA;11368;(718) 699-0700;BAS;35;00;00;000;;12/31/2025
B03262;ROYALTY FAMILY CORP;;2268 AMSTERDAM AVENUE;NEW YORK;10032;(917) 831-0354;BAS;6;12;10;033;;12/31/2025
B03266;HOYT LIMO & SERVICE CORP.;;2303 ASTORIA BOULEVARD;ASTORIA;11102;(718) 204-5861;BAS;31;;;;;12/31/2025
B03267;MANGA TRANSPORTATION CORP;;903 SHERIDAN AVENUE 2ND FLOOR;BRONX;10451;(347) 259-3779;BAS;5;00;00;000;;01/31/2026
B03268;NEZA EXPRESS INC.;;1841 FOREST AVENUE;STATEN ISLAND;10303;(718) 273-7611;BAS;8;;;;;01/31/2026
B03269;KID CAR NY,LLC;;941-945 YONKERS AVE;YONKERS;10704;(212) 862-7233;BAS;3;;;;;11/30/2025
B03276;510 BLACK CAR CORP.;;2225 PITKIN AVENUE;BROOKLYN;11207;(718) 485-1455;BAS;18;;;;;02/28/2026
B03278;GEWESEN TRANSPORTATION CORP.;;175 VARICK STREET;NEW YORK;10014;(973) 954-2775;BAS;5;;;;;02/28/2026
B03279;AMERIKANISCH SERVICES CORP.;;1460 BROADWAY;NEW YORK;10036;(347) 672-6354;BAS;7;;;;;02/28/2026
B03281;JARPA TRANSPORTATION CORP.;;2825 THIRD AVENUE SUITE 301;BRONX;10455;(718) 635-0047;BAS;8;;;;;02/28/2026
B03282;HOLY TRANSPORTATION CORP.;;1626 ST PETERS AVENUE GROUND FLOOR;BRONX;10461;(718) 684-7711;BAS;21;;;;;03/31/2026
B03283;NORWOOD CAR & LIMO INC.;;590A NEW YORK AVENUE;BROOKLYN;11203;(718) 484-7252;BAS;18;;;;;12/31/2025
B03285;FLUSHING LIMOUSINE TRANSPORTATION SERVICE CORP.;;3609  164 STREET;FLUSHING;11358;(718) 358-1111;BAS;23;;;;;01/31/2026
B03286;MITA LIMOUSINE, INC.;;208 WEST   29 STREET #203;NEW YORK;10001;(212) 679-3939;BAS;9;;;;;04/30/2026
B03288;JAROCHO CAR SERVICE CORP.;;374 MANOR ROAD # 1;STATEN ISLAND;10314;(718) 448-7180;BAS;104;;;;;03/31/2026
B03290;VOCES TRANSPORTATION MANAGEMENT CORP;;34-18 NORTHERN BOULEVARD;LIC;11101;(718) 285-7501;BAS;5;00;00;000;;03/31/2026
B03291;TRACY LUXURY CORP.;;4861 BROADWAY;NEW YORK;10034;(718) 313-9400;BAS;55;;;;;02/28/2026
B03292;PIBE TRANSPORTATION INC.;;1431 ZEREGA AVENUE;BRONX;10462;(347) 391-0707;BAS;18;00;00;000;;03/31/2026
B03293;A & Z LUXURY LIMOUSINE TRANSPORATION INC.;;21-03   44 AVENUE SUITE 201;L.I.C.;11101;(800) 828-6140;BAS;89;;;;;07/31/2026
B03296;ZIP CONNECTIONS INC;;139 WALINGTON AVE;WALINGTON;07057;(201) 882-9654;BAS;11;;;;;04/30/2026
B03298;MI BELLA PUEBLA EXPRESS INC.;;69-35   51 AVENUE;WOODSIDE;11377;(718) 458-7373;BAS;6;;;;;03/31/2026
B03299;WHITE TOP CAR SVCE INC;;1111 ST JOHNS PLACE;BROOKLYN;11213;(718) 774-6661;BAS;25;;;;;05/31/2026
B03303;MOTA LUXURY CORP.;;96-14  101 AVENUE;JAMAICA;11416;(917) 994-2332;BAS;15;;;;;06/10/2026
B03304;ADRIS TRANSPORTATION INC;;73 MARKET STREET 3RD FLOOR;YONKERS;10710;(718) 734-2771;BAS;459;00;00;000;;02/28/2027
B03308;B.S.Z. LUXURY BLACK CAR INC.;;80-06  101 AVENUE;OZONE PARK;11416;(718) 400-8338;BAS;41;;;;;06/30/2026
B03309;NYC LIMOUSINE VIP LLC.;NYC LIMOUSINE VVVIP LLC.;1 MEADOWLAND PLAZA SUITE #200;E. RUTHERFORD;07073;(908) 206-0311;BAS;21;;;;;06/30/2026
B03311;EDL TRANSPORTATION SERVICES LLC.;;169 LINCOLN AVENUE SUITE #205;BRONX;10454;(347) 270-1668;BAS;13;;;;;07/31/2026
B03312;ACK TRANSPORTATION CORP.;;1435 BEACH AVENUE;BRONX;10460;(347) 281-9225;BAS;20;;;;;07/31/2026
B03313;Z&T BLACK CAR INC;Z&T BLACK CAR INC;182 AVENUE S;BROOKLYN;11223;(347) 735-4324;BAS;7;;;;;08/31/2026
B03314;JBK NEW YORK, INC.;COMFORT LIMO NYC;325 WEST 38TH STREET 209;NEW YORK;10018;(212) 239-0363;BAS;16;;;;;07/31/2026
B03315;BRISK CAR SERVICE INC.;;495 CLAREMONT PARKWAY STORE #2;BRONX;10457;(347) 820-6444;BAS;9;;;;;09/30/2026
B03316;BLADE URBAN GROUND MOBILITY LLC.;BLADE;39 EDGEWOOD LANE;BRONXVILLE;10708;(914) 337-5500;BAS;2;;;;;08/31/2026
B03323;AGORA CAR SERVICE INC;;3432-06 EAST TREMONT AVENUE;BRONX;10465;(347) 281-4204;BAS;7;;;;;10/31/2026
B03324;PORT RICHMOND BLACK CAR INC.;;103 PORT RICHMOND AVENUE;STATEN ISLAND;10302;(718) 448-0006;BAS;20;;;;;12/31/2026
B03326;RESQ RIDE CORP.;;514 UNION AVE;MT. VERNON;10550;(844) 347-7377;BAS;27;;;;;08/31/2026
B03327;DAHLIA TRANSPORTATION CORP.;;2322 ARTHUR AVENUE #210;BRONX;10458;(347) 297-7665;BAS;13;;;;;09/30/2026
B03328;B-QUICK TRANSPORTATION CORP.;;3036 EAST TREMONT AVENUE SUITE #202;BRONX;10461;(347) 398-0856;BAS;17;00;00;000;;11/30/2026
B03329;KIDAULT KAR LLC.;;42 WEST STREET 2ND FL/11C;BROOKLYN;11222;(347) 380-6266;BAS;22;;;;;10/31/2026
B03330;OSO AUTO CORP;;561 WEST  152 STREET;NEW YORK;10031;(347) 345-0202;BAS;18;;;;;10/31/2026
B03331;GIGI NYC INC;;96-28 ALSTYNE AVENUE;CORONA;11368;(718) 559-8383;BAS;28;;;;;09/30/2026
B03333;ABSOLUTE CAR SERVICE CORP.;;729 BURKE AVENUE SUITE - A;BRONX;10467;(718) 792-9222;BAS;12;00;00;000;;10/31/2026
B03335;ADARA NEMT CORP;;3100 47TH AVENUE SUITE 3100;L.I.C.;11101;(929) 565-5001;BAS;9;;;;;11/30/2026
B03336;GET BETTER TRANSPORTATION LLC.;;368    9 AVENUE;NEW YORK;10001;(914) 426-3006;BAS;203;;;;;10/31/2026
B03341;STANDARDLUX INC.;;2765 ATLANTIC AVENUE;BROOKLYN;11207;(347) 336-5559;BAS;7;;;;;01/31/2027
B03342;GLOBAL EXECUTIVE LIMOUSINE CORP;;1225 FRANKLIN AVE 325;GARDEN CITY;11530;(646) 678-6285;BAS;13;;;;;12/31/2026
B03343;GRACEFUL TRANSPORTATION, INC;;169-30 JAMAICA AVENUE;JAMAICA;11432;(347) 846-9258;BAS;12;;;;;02/28/2027
B03346;ASHER TRANSPORTATION INC;;73 MARKET STREET SUITE 320;YONKERS;10710;(914) 888-6454;BAS;13;;;;;11/30/2026
B03348;APPLE CITY CAR INC;;8 W 126TH STREET 3RD FLOOR;NEW YORK;10027;(917) 415-8580;BAS;46;;;;;01/31/2027
B03349;RIDGEWAY TRANSIT INC;;6809    3 AVENUE;BROOKLYN;11220;(718) 748-4444;BAS;15;;;;;01/31/2027
B03352;DREAMS LUXURY SERVICES CORP;;2825 THIRD AVENUE SUIT 301 D2;BRONX;10455;(646) 568-4600;BAS;7;;;;;12/31/2026
B03353;PEACE TRANSPORTATION SERVICES INC.;;1 WOLFS LANE SUITE 311;PELHAM;10803;(914) 740-5485;BAS;6;;;;;07/31/2027
B03355;MANA TRANSPORTATION INC.;;912 SOUNDVIEW AVENUE SUITE 7 2ND FL.;BRONX;10473;(347) 963-9643;BAS;7;;;;;02/28/2027
B03357;A & T PRECISE CORPORATION;;221 WINFRED AVENUE;YONKERS;10704;(917) 775-2282;BAS;9;;;;;03/31/2027
B03360;RIDE4NYC CORP.;;69-21  164 STREET SUITE #11;FLUSHING;11365;(718) 540-9001;BAS;10;;;;;04/30/2027
B03361;D MANNY SAFE RIDE CORP.;;2825    3 AVENUE 3RD FL SUITE 301-C4;BRONX;10455;(718) 795-7699;BAS;6;;;;;03/31/2027
B03362;AURA CAR SERVICE CORP.;;84 NAGLE AVENUE;NEW YORK;10040;(212) 981-8184;BAS;8;;;;;03/31/2027
B03363;RAIN SOLUTION INC;;73 MARKET STREET 3FL. STE 376;YONKERS;10710;(646) 396-7060;BAS;4;;;;;03/31/2027
B03364;A & M IKEA INC.;;9126 4TH AVEUNE;BROOKLYN;11209;(718) 333-5766;BAS;18;;;;;02/28/2027
B03367;SHOW LIMO CORP.;;161 BRIGHTON   11 STREET;BROOKLYN;11235;(718) 260-6666;BAS;22;;;;;03/31/2027
B03368;BEST CHOICE CAR SERVIE CORPORATION;;7527  197 STREET 2ND FLOOR;FRESH MEADOWS;11366;(347) 468-7823;BAS;47;;;;;03/31/2027
B03370;ANDREW TRANSPORTATION CORP;;1 WEST  182 STREET BASEMENT;BRONX;10453;(646) 281-0962;BAS;5;;;;;11/30/2027
B03372;RIDE CURRENT LLC;;551-555 W 235TH STREET SUITE 2;BRONX;10463;(347) 290-5042;BAS;6;;;;;11/30/2027
B03374;1ST SELECTION CAR SERVICE INC.;;5612 BROADWAY;BRONX;10463;(716) 371-4400;BAS;4;;;;;03/31/2027
B03377;JUMPRYDZ LLC;;317 GEORGE ST STE 320;NEW BRUNSWICK;08901;(732) 839-2801;BAS;6;;;;;02/28/2025
B03380;ELECTRIC PEPPERS LLC;;273 SOUTH    5 STREET SUITE 301;BROOKLYN;11211;(631) 629-7678;BAS;190;;;;;06/30/2027
B03381;THE DRIVERS COOPERATIVE INC.;;3100   47 AVENUE # 303;LONG ISLANDCITY;11101;(718) 269-6272;BAS;51;00;00;000;;05/31/2027
B03385;INTERNATIONAL LUXURY TRANSPORTATION CORP.;;2645 EAST   14 STREET SUIT 100;BROOKLYN;11235;(718) 281-6343;BAS;28;00;00;000;;08/31/2027
B03387;SHALOM EXPRESS CORP;;1201   39 STREET;BROOKLYN;11218;(718) 437-2444;BAS;22;;;;;11/30/2027
B03390;READY GO USA INC;;3030 MIDDLETOWN ROAD SUIT 103;BRONX;10461;(212) 448-1088;BAS;7;00;00;000;;07/31/2027
B03391;TIAZ LIMO CAR SERVICE CORP;;8136 BAXTER AVENUE;ELMHURST;11373;(347) 612-9203;BAS;18;;;;;11/30/2027
B03392;CHURCH EXPRESS LUXURY INC;;99 CHURCH AVENUE;BROOKLYN;11218;(718) 633-4477;BAS;76;;;;;08/31/2027
B03393;PARK LANE US SERVICE CORP;;115 NORTH BROADWAY;HICKSVILLE;11801;(917) 485-8032;BAS;20;;;;;10/31/2027
B03394;NEW ELEGANTE CAR SERVICE INC;DBA KARR;14 BRUCKNER BLVD;BRONX;10454;(718) 492-7680;BAS;26;00;00;000;;07/31/2025
B03396;ADAMES GROUP INC;BETTER TRANSIT;368    9 AVENUE 6TH FLOOR;NEW YORK;10001;(631) 507-4932;BAS;19;00;00;000;;12/31/2027
B03398;HR LUXURY CORP.;;2488 GRAND CONCOURSE SUITE 314;BRONX;10458;(347) 271-6664;BAS;191;;;;;05/31/2025
B03404;UBER USA, LLC;UBER;1515 THIRD STREET;SAN FRANCISCO;94158;(646) 780-0129;BAS;82944;;;;Y;08/31/2026
B03406;TRI-CITY,LLC;LYFT;441    9 AVENUE 2ND FLOOR;NEW YORK;10001;(415) 475-8459;BAS;1098;;;;;08/31/2026
B03407;ZOOM TRANSIT INC;;2078 CROSS BRONX EXPRESSWAY;BRONX;10472;(718) 583-9100;BAS;389;;;;Y;10/31/2027
B03408;ABR LUXURY TRANSPORTATION CORP.;;3418 NORTHERN BOULEVARD SUITE 39;L.I.C.;11101;(347) 252-3200;BAS;12;;;;;10/31/2027
B03409;COAST TO COAST TRANSFERS LLC;;38-17 CRESCENT STREET;L.I.C.;11101;(917) 305-2484;BAS;15;;;;;04/30/2025
B03413;WAV TRANSPORTATION GROUP LTD;;336 KINGS HIGHWAY;BROOKLYN;11223;(718) 866-4108;BAS;7;;;;;09/30/2025
B03415;BRONX FAMILY TRANSPORTATION INC;;169 LINCOLN AVENUE SUITE 206;BRONX;10454;(347) 591-2002;BAS;9;;;;;12/31/2024
B03416;ADF TRANSPORTATION LLC;;499 EAST  138 STREET;BRONX;10454;(347) 663-6299;BAS;22;;;;;12/31/2027
B03418;RIDE IN STYLE LIMO INC.;;83 ANCHOR LANE;LEVITTOWN;11756;(929) 400-0719;BAS;12;;;;;07/31/2025
B03419;M'S BLACK CAR INC;;238 JUNIUS STREET;BROOKLYN;11212;(718) 787-5800;BAS;51;;;;;04/30/2025
B03420;TADA USA INC.;;152-53   10 AVENUE SUITE 210;WHITESTONE;11357;(718) 539-5680;BAS;6;;;;;02/28/2025
B03421;A1 ABSOLUTE CORP;;10 EAST  183 STREET;BRONX;10453;(347) 431-2831;BAS;10;;;;;02/28/2025
B03422;CTG LOGISTICS INC.;;241   37 STREET 1-4-B443;BROOKLYN;11232;(917) 667-2847;BAS;10;;;;;04/30/2025
B03423;VETS CAR SERVICE INC;;557 NORTH MACQUESTEN PARKWAY;MOUNT VERNON;10552;(845) 694-7004;BAS;18;;;;;12/31/2025
B03424;LILIAS LUXURY CORP;;295 KNICKERBOCKER AVENUE;BROOKLYN;11237;(718) 577-7471;BAS;7;;;;;07/31/2025
B03426;CONCINNITY TRANSPORTATION GROUP INC;;3370 PRINCE STREET 202;FLUSHING;11354;(917) 916-9289;BAS;28;;;;;05/31/2025
B03430;G-4 CAR SERVICE INC;;909 THIRD AVENUE #66;NEW YORK;10150;(347) 721-9836;BAS;2;00;00;000;;09/30/2025
B03432;INFINITY STAR CORP;;1855 FOREST AVENUE;STATEN ISLAND;10303;(718) 844-1131;BAS;2;;;;;05/31/2025
B03434;BELLA CAR SRVICE CORPORATION;;3418 NORTHERN BOULEVARD SUITE 100;L.I.C.;11101;(516) 986-5999;BAS;8;00;00;000;;08/31/2025
B03435;AJC CAR SERVICE CORPORATION;;3418 NORTHERN BOULEVARD VO2;L.I.C.;11101;(929) 501-7377;BAS;3;;;;;05/31/2025
B03436;AKI MOBILITY INC;;11-48   46 ROAD;QUEENS;11101;(929) 209-6765;BAS;87;;;;;05/31/2025
B03438;ASSURED TRANSPORTATION CORP;;3418 NORTHERN BOULEVARD 3/36;LONGISLAND CITY;11101;(917) 945-2287;BAS;;;;;;06/30/2025
B03439;CLJ EXPRESS LIMO SERVICE INC;;236 FULTON AVE SUITE 211;HEMPSTED;11550;(833) 552-5466;BAS;9;00;00;000;;06/30/2025
B03440;METRO CAR SERVICE CORP.;METRO LINE CAR SERVICE;180 KNICKERBOCKER AVENUE;BROOKLYN;11237;(718) 384-7777;BAS;1;;;;;06/30/2025
B03444;ASSURE CAR & LIMO INC.;;214-85 JAMAICA AVENUE;JAMAICA;11428;(929) 433-0433;BAS;2;;;;;08/31/2025
B03445;INWOOD CAR AND LIMO INC;;2320 HUGHES AVENUE SUITE #2;BRONX;10458;(203) 447-9265;BAS;17;;;;;08/31/2025
B03447;HELP TRANSPORTATION GROUP LLC;;1231 LAFAYETTE AVENUE SUIT L2;BRONX;10474;(917) 471-8630;BAS;8;;;;;11/30/2025
B03448;MCF TRANSPORTATION LLC;;54-14   74 STREET SUITE 5511;ELMHURST;11373;(347) 281-5730;BAS;10;;;;;02/28/2026
B03450;SYDNEY LUXURY LIMO INC.;;53 WEST 48TH STREET B1;BAYONNE;07002;(347) 524-2008;BAS;231;;;;;07/31/2025
B03455;JT TRANSPORTATION CO INC;;1225 FRANKLIN AVE 325;GARDEN CITY;11530;(718) 669-5589;BAS;40;;;;;07/31/2025
B03456;3DI INC;;45 DOVER ST;MASSAPEQUA;11758;(516) 325-0390;BAS;3;;;;;09/30/2025
B03457;MERAKI TRANSPORTATION NYC LLC;;5030 BROADWAY SUITE 632;NEW YORK;10034;(212) 634-9224;BAS;4;;;;;09/30/2025
B03458;WAVE LUXURY CORP;;34-18 NORTHERN BOULEVARD SUITE 45;L.I.C.;11101;(914) 413-9364;BAS;6;;;;;01/31/2026
B03461;VIBRANT TRANSPORTATION INC;;1097 LIBERTY AVENUE;BROOKLYN;11208;(718) 799-4444;BAS;194;;;;;09/30/2025
B03462;IMPERIAL TP CAR SERVICE INC;;49 WEST  170 STREET;BRONX;10452;(718) 901-0070;BAS;45;;;;;07/31/2025
B03463;APOYO TRANSPORTATION LLC;;3148 EAST TREMONT AVENUE STE 1;BRONX;10461;(347) 947-5455;BAS;11;;;;;03/31/2026
B03464;SOLEIL CITY TRANSPORTATION INC.;;549 EAST  138 STREET 2ND FLOOR;BRONX;10454;(929) 822-0868;BAS;4;;;;;11/30/2025
B03465;PRIANNAG CORP.;;5925 RIVERDALE AVENUE;BRONX;10471;(347) 427-0250;BAS;7;;;;;09/30/2025
B03466;AA START PLUS CORP.;;3418 NORTHERN BOULEVARD VO3;L.I.C.;11101;(929) 590-1901;BAS;42;;;;;08/31/2025
B03467;SIMPLE RIDE TRANSPORTATION INC.;;370 EAST  149 STREET SUITE 2;BRONX;10455;(917) 280-0935;BAS;51;;;;;11/30/2025
B03468;ALPHA LUXURY TRANSPORTATION INC;;1339 PROSPECT AVENUE # 4;BRONX;10459;(646) 722-5742;BAS;2;;;;;09/30/2025
B03470;IMPERIUM TRANS GROUP INC;;7Z FRANKLIN ROAD;GREAT NECK;11024;(646) 887-3189;BAS;131;;;;;12/31/2025
B03471;ABX PREMIUM CORP;;1963 SOUTHERN BOULEVARD SUIT A;BRONX;10460;(718) 328-8080;BAS;39;;;;;11/30/2025
B03473;WELLNESS TRANSIT LLC;;15 EAST 21ST STREET;HUNTINGTON;11746;(718) 313-0291;BAS;20;;;;;11/30/2025
B03475;VOYAGER'S TRANSPORTATION INC;;120-19 JAMAICA AVENUE SUIT 21;RICHMOND HILL;11418;(718) 487-3000;BAS;8;;;;;05/31/2026
B03477;FAWA SERVICE CORPORATION;;275 WEST 231 STREET 2C;BRONX;10463;(917) 261-7100;BAS;26;;;;;02/28/2026
B03478;NY CLASSIC CAR & LIMO INC;;147 48 ROOSEVELT AVENUE SUITE L7;FLUSHING;11354;(212) 207-0059;BAS;29;;;;;11/30/2025
B03479;ALL YOU NEED TRANSPORTATION CORP;;8 WEST 126TH STREET 3RD FLOOR;NEW YORK;10027;(978) 230-1486;BAS;5;00;00;000;;11/30/2025
B03480;EZ DONE SERVICES CORP;;3418 NORTHERN BOULEVARD V05;LONGISLAND CITY;11101;(800) 769-1861;BAS;1;;;;;11/30/2025
B03482;BUSHWICK CAR SERVICE BLACK INC.;;180 KNICKERBOCKER AVENUE;BROOKLYN;11237;(718) 386-5002;BAS;18;;;;;12/31/2025
B03484;MIXTECA USA INC;;469   53 STREET;BROOKLYN;11220;(929) 271-1915;BAS;9;;;;;11/30/2025
B03486;OCCSER LLC;;3918   13 AVENUE;BROOKLYN;11218;(347) 875-0005;BAS;4;;;;;03/31/2026
B03489;ACTION CAR SERVICE INC;;105 FREDERICK PLACE;MOUNT VERNON;10552;(718) 747-8820;BAS;12;;;;;07/31/2026
B03492;MARINA CAR SERVICE INC;;9425    5 AVENUE;BROOKLYN;11209;(718) 622-2222;BAS;16;;;;;03/31/2026
B03493;WOW TRANSPORT INC;;17 E 23RD STREET;HUNTINGTON ST;11746;(631) 896-0286;BAS;3;;;;;03/31/2026
B03494;NYC WHEELS CAR SERVICE INC.;;653 EAST    5 STREET;BROOKLYN;11218;(718) 621-4888;BAS;156;;;;;11/30/2025
B03499;ABM BLACK CAR SERVICE LLC.;;88 BARBER HILL ROAD;SOUTH WINDSOR;06074;(860) 494-9349;BAS;11;;;;;05/31/2026
B03500;GO CAR CORP;;670 FLUSHING AVENUE 219;BROOKLYN;11206;(718) 387-7777;BAS;16;;;;;02/28/2026
B03502;UNNIFIRST CAR SERVICE CORP.;;2929 THIRD AVENUE 2ND FLOOR;BRONX;10455;(718) 924-6666;BAS;8;;;;;01/31/2026
B03505;LA ECUATORIANA LUXURY INC;;2402   86 STREET;BROOKLYN;11214;(718) 300-6040;BAS;15;;;;;03/31/2026
B03512;440 CAR SERVICE BLACK INC;;1266 MYRTLE AVENUE;BROOKLYN;11221;(718) 919-4040;BAS;14;;;;;02/28/2026
B03513;AMP TRANSPORTATION MANAGEMENT, LLC.;;1303 ALLERTON AVENUE;BRONX;10469;(718) 400-1267;BAS;14;;;;;03/31/2026
B03515;CHAPENCITY LIMO INC.;;8758 BAY   16 STREET;BROOKLYN;11214;(718) 306-6262;BAS;21;;;;;07/31/2026
B03518;TAKER INC.;;29-02   36 AVENUE;ASTORIA;11106;(929) 595-9111;BAS;24;;;;;10/31/2026
B03521;FIRST OCEANA BLACK CAR INC.;;2395 CONEY ISLAND AVENUE;BROOKLYN;11223;(718) 375-1001;BAS;14;;;;;08/31/2026
B03523;AVENTUS RIDE, INC;;2825 THIRD AVENUE SUITE C5;BRONX;10455;(718) 218-4422;BAS;13;;;;;04/30/2026
B03525;CARE WITH LOVE TRANSPORTATION CORP.;;217 MOUNTAINDALE ROAD;YONKERS;10710;(929) 305-2391;BAS;6;;;;;08/31/2026
B03529;NEW WILLIAMSBURG LUXURY CORP;;220 MARCUS GARVEY BOULEVARD;BROOKLYN;11221;(718) 561-0442;BAS;14;;;;;06/30/2026
B03531;CHARLOTTE LUXURY INC.;;1889 WEBSTER AVENUE 2ND FL;BRONX;10457;(347) 849-9724;BAS;13;;;;;09/30/2026
B03533;INTREPID LUXURY INC.;;46 GRAMATAN AVE SUITE 1033;MOUNT VERNON;10550;(347) 801-8300;BAS;5;;;;;05/31/2027
B03534;NEW YORK BORI TRANSPORTATION LLC;;3010 EASTCHESTER ROAD;BRONX;10469;(347) 888-6178;BAS;;;;;;06/30/2026
B03536;AFY GROUP INC;BLACK ICE LIMO;353 WEST 48TH SREET 4TH FL;NEW YORK;10036;(800) 659-0715;BAS;15;;;;;08/31/2026
B03537;MAX LUXURY CORP.;;1623 CORTELYOU RD;BROOKLYN;11226;(718) 941-5900;BAS;11;;;;;02/28/2027
B03538;XLR8 TRANSPORTATION INC;;13-11   44 AVENUE;LONGISLAND CITY;11101;(646) 919-5075;BAS;143;;;;;10/31/2026
B03542;SANTANARIDE LLC;;73 MARKET STREET 3RD FL VO1;YONKERS;10701;(877) 432-9712;BAS;5;;;;;11/30/2026
B03544;CCM LLC;;4533   37 STREET;QUEENS;11101;(646) 991-1919;BAS;11;;;;;02/28/2027
B03545;DRIVUS INC;;4040 CRESCENT STREET;LONGISLAND CITY;11101;(347) 617-7336;BAS;6;;;;;02/28/2027
B03547;AMERICAN ONE TRANSPORTATION INC;;621 BRIGHTON BEACH AVENUE SUIT 104;BROOKLYN;11235;(917) 672-2662;BAS;10;;;;;12/31/2026
B03548;PLUS LUXURY CORP;;20 WELLINGTON CT;SHELTON;06484;(929) 607-9191;BAS;8;;;;;03/31/2027
B03550;BROADWAY CAR SERVICE INC;;95 RIVERDALE AVE #B309;YONKERS;10701;(914) 299-3605;BAS;2;;;;;11/30/2026
B03553;USA LUXURY EXPRESS INC.;;3418 NORTHERN BOULEVARD;LONGISLAND CITY;11101;(929) 371-2050;BAS;10;;;;;01/31/2027
B03554;CHOLULA NYC LLC;;96-14   63 DRIVE SUITE 100;REGO PARK;11374;(929) 291-9205;BAS;35;;;;;10/31/2026
B03555;VGM GOV BIZ LLC;;445 EMPIRE BOULEVARD;BROOKLYN;11225;(347) 236-3705;BAS;7;;;;;01/31/2027
B03557;SPACELINKS,LLC;;136 MADISON AVENUE 5TH FLOOR;NEW YORK;10016;(646) 401-1042;BAS;1121;;;;;10/31/2026
B03558;GEORGIAN JUNIORS CORP.;;3918   13 AVENUE;BROOKLYN;11218;(347) 305-3976;BAS;4;;;;;01/31/2027
B03559;GDA TRANSPORTATION INC;;175 PEARL STREET;BROOKLYN;11201;(929) 651-0121;BAS;4;;;;;02/28/2027
B03560;ELITE BLACK CAR SERVICE INC.;;3808 UNION STREET STE 2C;FLUSHING;11354;(929) 705-7125;BAS;7;;;;;05/31/2027
B03562;MEP LUXURY TRANSPORTATION INC;;141 MAUJER STREET;BROOKLYN;11206;(646) 549-3981;BAS;12;;;;;02/28/2027
B03565;WINDSOR LIMO, INC;;163 MINEOLA BLVD;MINEOLA;11501;(212) 677-1100;BAS;17;;;;;03/31/2027
B03566;CHARISMA TRANSPORTATION CORP.;;73 MARKET STREET #376;YONKERS;10710;(315) 662-1180;BAS;7;;;;;02/28/2027
B03568;JET SET LIMO TRANSPORT INC.;;41 GLAZER LN;LEVITTOWN;11756;(929) 257-8163;BAS;13;;;;;02/28/2027
B03569;ACE RIDES CAR SERVICE CORP.;;3370 PRINCE STREET STE 506;FLUSHING;11354;(718) 414-6118;BAS;9;;;;;02/28/2027
B03570;PG RIDES INC;;169-26 HILLSIDE AVENUE;JAMAICA;11432;(929) 521-1471;BAS;8;;;;;03/31/2027
B03572;CENTRAL TRANSPORTATION BLACK CAR CORP.;;90-03   31 AVENUE;EAST ELMHURST;11369;(718) 335-4141;BAS;14;;;;;03/31/2027
B03575;CHAUFFEUR LUXURY V.I.P CORP.;;169 LINCOLN AVENUE 2ND FL;BRONX;10454;(646) 749-2105;BAS;5;;;;;03/31/2027
B03577;AMERICAN EXPRESS LIMO INC.;;2433 KNAPP STREET SUITE 301-B;BROOKLYN;11235;(212) 916-2639;BAS;1;;;;;03/31/2027
B03578;1 NYC EMPIRE TRANS INC.;;97-28  221 STREET;QUEENS VILLAGE;11429;(347) 993-9793;BAS;7;;;;;03/31/2027
B03581;CARETLI INC.;;2433 KNAPP STREET SUITE 301-B;BROOKLYN;11235;(929) 650-0227;BAS;4;;;;;02/28/2027
B03582;ESTHER CAR SERVICES LLC;;3498 JEROME AVENUE;BRONX;10467;(718) 414-2233;BAS;5;;;;;02/28/2027
B03584;SURGEO APP INC.;;2526 50TH STREET STE 209B;WOODSIDE;11377;(866) 787-4365;BAS;6;;;;;02/28/2027
B03585;DOORLUX LLC;;2012 FULTON STREET #2B;BROOKLYN;11233;(833) 366-7589;BAS;11;;;;;03/31/2027
B03588;TRANSMOBILITY FAMILY SYSTEM CORP;;215 S 9TH AVE 4B;MOUNT VERNON;10550;(845) 536-0076;BAS;6;;;;;03/31/2027
B03591;VUKEA CORP;;145 STERLING ROAD;ELMONT;11003;(347) 317-1925;BAS;5;;;;;02/28/2027
B03592;BOOK A CAR INC;;66 MIDDLESEX AVE SUITE 204;ISELIN;08830;(475) 242-8689;BAS;9;;;;;04/30/2027
B03593;NEW MEXICANA LIMO INC;;507   40 STREET;BROOKLYN;11232;(718) 438-2092;BAS;7;;;;;03/31/2027
B03594;FAMILY LUXURY INC;;601 WEST 180 STREET STORE 3;NEW YORK;10033;(718) 524-2837;BAS;6;00;00;000;;02/28/2027
B03595;WATSONBX TRANSPORTATION CORP;;1681 BRUCKNER BOULEVARD;BRONX;10472;(718) 991-8747;BAS;21;;;;;03/31/2027
B03596;BULLS TRANSPORTATION OF NY INC.;;4123 MURRAY STREET STE 201;FLUSHING;11355;(718) 663-9481;BAS;3;;;;;03/31/2027
B03597;GE 7 EXPRESS INC;;175 PEARL STREET;BROOKLYN;11201;(347) 785-4272;BAS;5;;;;;03/31/2027
B03598;SILVERCHA INC;;162-13   46 AVENUE SUITE 2C;FLUSHING;11358;(718) 888-2020;BAS;6;;;;;04/30/2027
B03599;STARLIMO OF NYC CORP;;141 MAUJER STREET;BROOKLYN;11206;(646) 525-0147;BAS;9;;;;;04/30/2027
B03600;S.S SUPPORT INC;;3742   72 STREET 2 FL;JACKSON HEIGHTS;11372;(718) 727-7772;BAS;23;;;;Y;05/31/2027
B03601;MARPA LIMO LLC;RELIER;240 KENT AVENUE 3FL SUITE 14;BROOKLYN;11249;(347) 855-0000;BAS;13;;;;;05/31/2027
B03602;BLACK DIAMOND LIMO SERVICE INC;;238 JUNIUS STREET;BROOKLYN;11212;(718) 673-0306;BAS;15;;;;;04/30/2027
B03603;T7T LIMO INC;;200 BROADHOLLOW ROAD 207;MELVILLE;11747;(347) 530-7000;BAS;10;;;;;04/30/2027
B03604;CHANTO777 INC;;114-04 BEACH CHANNEL DRIVE;ROCKAWAY PARK;11694;(929) 329-7887;BAS;12;;;;;06/30/2027
B03606;MERRICK CAR SERVICE INC;;135 JACKSON STREET;HEMPSTEAD;11550;(718) 528-8400;BAS;4;;;;;08/31/2027
B03608;BEST B EASY INC;;298 GARRETSON AVENUE;STATEN ISLAND;10305;(347) 517-1012;BAS;5;;;;;08/31/2027
B03610;PARLIAMENT TRANSPORTATION INC;;424 MARTIN LUTHER KING JR BLVD;TRENTON;08618;(347) 925-9650;BAS;5;;;;;06/30/2027
B03611;NOMSKI TRANSPORTATION LLC;;584 NOSTRAND AVENUE;BROOKLYN;11216;(718) 483-8740;BAS;3;00;00;000;;06/30/2027
B03614;LANDEY EV DISPATCH INC;;273 SOUTH    5 STREET SUITE# 301;BROOKLYN;11211;(929) 415-8233;BAS;10;;;;;07/31/2027
B03615;FST LIMOUSINE INC;;134 LIBERTY STREET;DEER PARK;11729;(718) 709-1052;BAS;10;;;;;10/31/2027
B03617;CAUTIOUS CARS TRANSPORTATION CORP.;;759 FISCHER BLVD;TOMS RIVER;08753;(718) 296-3333;BAS;6;;;;;10/31/2027
B03619;URBAN 84 INC;;653 EAST    5 STREET;BROOKLYN;11218;(929) 992-1979;BAS;5;;;;;08/31/2027
B03620;JF168 CAR SERVICE INC;;136-68 ROOSEVELT AVENUE SUITE #807;FLUSHING;11354;(929) 609-5415;BAS;6;;;;;07/31/2027
B03621;C AND M TRANSPORTATION SERVICES INC;;4243 BROADWAY;NEW YORK;10033;(646) 895-9020;BAS;10;;;;;08/31/2027
B03622;RIDECO INC.;;175 PEARL STREET FLOOR 1-3;BROOKLYN;11201;(929) 601-7010;BAS;4;;;;;08/31/2027
B03623;UKLON INC;;52 PIEDMONT DR 17-4A;PORT JEFF STA;11776;(929) 545-5665;BAS;11;;;;;08/31/2027
B03624;STREETLINK INC;;4105   69 STREET;WOODSIDE;11377;(718) 440-8595;BAS;14;;;;;11/30/2027
B03626;VALUE TRANSPORTS LLC;;65 GRAHAM AVENUE SUTIE # 102;BROOKLYN;11206;(914) 432-4252;BAS;6;00;00;000;;10/31/2027
B03627;METRO LINE BLACK CAR INC.;;180 KNICKERBOCKER AVE;BROOKLYN;11237;(718) 388-3500;BAS;6;;;;;09/30/2027
B03629;PERFILES TRANSPORTATION INC;;740 MORRIS PARK AVENUE;BRONX;10462;(212) 651-4604;BAS;5;;;;;10/31/2027
B03630;LAMAGE SERVICE CORPORATION;;68 JAY STREET SUITE 201;BROOKLYN;11201;(718) 640-2608;BAS;6;;;;;11/30/2027
B03631;WAY2RIDE CORP;;2645 EAST   14 STREET;BROOKLYN;11235;(917) 702-8889;BAS;4;;;;;09/30/2027
B03632;VIP CONNECTION LIMO INC;;1923 DITMARS BOULEVARD 1ST FLOOR;ASTORIA;11105;(212) 470-0939;BAS;12;;;;;10/31/2027
B03633;CARDINAL TRANSPORTATION GROUP INC;;547   92 STREET 1ST FLOOR;BROOKLYN;11209;(718) 382-0403;BAS;6;;;;;10/31/2027
B03634;URIDE LIMO LLC;;100 DUFFY AVE SUITE 510;HICKSVILE;11801;(516) 985-7609;BAS;5;;;;;10/31/2027
B03635;NEW HEIGHTS TRANSPORTATION INC;;2094 AMSTERDAM AVENUE SUITE D;NEW YORK;10032;(646) 719-5505;BAS;5;;;;;10/31/2027
B03636;ORIENTY INC;ORIENTY BLACK CAR SERVICE;38 VINCENT ROAD;HICKSVILLE;11801;(718) 427-1405;BAS;5;;;;;11/30/2027
B03637;LUX TRAVELY INC;;139 WASHINGTON STREET;EAST ORANGE;07017;(973) 609-5696;BAS;10;;;;;11/30/2027
B03639;INDRIVER CA LLC;;17 STATE STREET 40TH FLOOR;NEW YORK;10004;(212) 739-0400;BAS;5;;;;;11/30/2027
B03640;GOVA TRANSPORTATION CORP;;8 WEST  126 STREET 3RD FLOOR;NEW YORK;10027;(877) 887-2621;BAS;10;;;;;11/30/2027
B03641;COZY TRAVEL OFFICIAL LLC;;100 DUFFY AVE SUITE 510;HICKSVILLE;11801;(516) 814-7007;BAS;5;;;;;11/30/2027
B03642;EL AGUILA LUXURY INC;;1709   79 STREET;BROOKLYN;11214;(917) 245-4586;BAS;6;;;;;11/30/2027
B03643;RED ROCK CAR AND LIMO INC;;1979 MARCUS AVE;LAKE SUCCESS;11042;(516) 776-9899;BAS;5;;;;;11/30/2027
B03644;RIDE SOHO INC;;200 BROADHOLLOW ROAD SUITE 207;MELVILLE;11747;(212) 875-5212;BAS;6;;;;;11/30/2027
B03647;SSRN TRANSFER LLC;;200 BROADHOLLOW RD SUITE 207;MELVILLE;11747;(516) 665-0298;BAS;8;;;;;11/30/2027
B03648;LUX BST INC;;211 EAST   43 STREET 7TH FL;NEW YORK;10017;(347) 806-6859;BAS;5;;;;;12/31/2027
B03651;VANELI NYC LLC;;4105   69 STREET;WOODSIDE;11377;(347) 893-9190;BAS;5;;;;;12/31/2027